title,price,rating,availability,page
A LIGHT IN THE ATTIC,51.77,3,In stock,1
TIPPING THE VELVET,53.74,1,In stock,1
SOUMISSION,50.1,1,In stock,1
SHARP OBJECTS,47.82,4,In stock,1
SAPIENS A BRIEF HISTORY OF HUMANKIND,54.23,5,In stock,1
THE REQUIEM RED,22.65,1,In stock,1
THE DIRTY LITTLE SECRETS OF GETTING YOUR DREAM JOB,33.34,4,In stock,1
THE COMING WOMAN A NOVEL BASED ON THE LIFE OF THE INFAMOUS FEMINIST VICTORIA WOODHULL,17.93,3,In stock,1
THE BOYS IN THE BOAT NINE AMERICANS AND THEIR EPIC QUEST FOR GOLD AT THE BERLIN OLYMPICS,22.6,4,In stock,1
THE BLACK MARIA,52.15,1,In stock,1
STARVING HEARTS TRIANGULAR TRADE TRILOGY,13.99,2,In stock,1
SHAKESPEARE S SONNETS,20.66,4,In stock,1
SET ME FREE,17.46,5,In stock,1
SCOTT PILGRIM S PRECIOUS LITTLE LIFE SCOTT PILGRIM,52.29,5,In stock,1
RIP IT UP AND START AGAIN,35.02,5,In stock,1
OUR BAND COULD BE YOUR LIFE SCENES FROM THE AMERICAN INDIE UNDERGROUND,57.25,3,In stock,1
OLIO,23.88,1,In stock,1
MESAERION THE BEST SCIENCE FICTION STORIES,37.59,1,In stock,1
LIBERTARIANISM FOR BEGINNERS,51.33,2,In stock,1
IT S ONLY THE HIMALAYAS,45.17,2,In stock,1
IN HER WAKE,12.84,1,In stock,2
HOW MUSIC WORKS,37.32,2,In stock,2
FOOLPROOF PRESERVING A GUIDE TO SMALL BATCH JAMS JELLIES PICKLES CONDIMENTS AND MORE A FOOLPROOF GUIDE TO MAKING SMALL BATCH JAMS JELLIES PICKLES CONDIMENTS AND MORE,30.52,3,In stock,2
CHASE ME PARIS NIGHTS,25.27,5,In stock,2
BLACK DUST,34.53,5,In stock,2
BIRDSONG A STORY IN PICTURES,54.64,3,In stock,2
AMERICA S CRADLE OF QUARTERBACKS WESTERN PENNSYLVANIA S FOOTBALL FACTORY FROM JOHNNY UNITAS TO JOE MONTANA,22.5,3,In stock,2
ALADDIN AND HIS WONDERFUL LAMP,53.13,3,In stock,2
WORLDS ELSEWHERE JOURNEYS AROUND SHAKESPEARES GLOBE,40.3,5,In stock,2
WALL AND PIECE,44.18,4,In stock,2
THE FOUR AGREEMENTS A PRACTICAL GUIDE TO PERSONAL FREEDOM,17.66,5,In stock,2
THE FIVE LOVE LANGUAGES HOW TO EXPRESS HEARTFELT COMMITMENT TO YOUR MATE,31.05,3,In stock,2
THE ELEPHANT TREE,23.82,5,In stock,2
THE BEAR AND THE PIANO,36.89,1,In stock,2
SOPHIE S WORLD,15.94,5,In stock,2
PENNY MAYBE,33.29,3,In stock,2
MAUDE SHE GREW UP WITH THE COUNTRY,18.02,2,In stock,2
IN A DARK DARK WOOD,19.63,1,In stock,2
BEHIND CLOSED DOORS,52.22,4,In stock,2
YOU CAN T BURY THEM ALL POEMS,33.63,2,In stock,2
SLOW STATES OF COLLAPSE POEMS,57.31,3,In stock,3
REASONS TO STAY ALIVE,26.41,2,In stock,3
PRIVATE PARIS PRIVATE,47.61,5,In stock,3
HIGHERSELFIE WAKE UP YOUR LIFE FREE YOUR SOUL FIND YOUR TRIBE,23.11,5,In stock,3
WITHOUT BORDERS WANDERLOVE,45.07,2,In stock,3
WHEN WE COLLIDED,31.77,1,In stock,3
WE LOVE YOU CHARLIE FREEMAN,50.27,5,In stock,3
UNTITLED COLLECTION SABBATH POEMS,14.27,4,In stock,3
UNSEEN CITY THE MAJESTY OF PIGEONS THE DISCREET CHARM OF SNAILS OTHER WONDERS OF THE URBAN WILDERNESS,44.18,4,In stock,3
UNICORN TRACKS,18.78,3,In stock,3
UNBOUND HOW EIGHT TECHNOLOGIES MADE US HUMAN TRANSFORMED SOCIETY AND BROUGHT OUR WORLD TO THE BRINK,25.52,1,In stock,3
TSUBASA WORLD CHRONICLE TSUBASA WORLD CHRONICLE,16.28,1,In stock,3
THROWING ROCKS AT THE GOOGLE BUS HOW GROWTH BECAME THE ENEMY OF PROSPERITY,31.12,3,In stock,3
THIS ONE SUMMER,19.49,4,In stock,3
THIRST,17.27,5,In stock,3
THE TORCH IS PASSED A HARDING FAMILY STORY,19.09,1,In stock,3
THE SECRET OF DREADWILLOW CARSE,56.13,1,In stock,3
THE PIONEER WOMAN COOKS DINNERTIME COMFORT CLASSICS FREEZER FOOD MINUTE MEALS AND OTHER DELICIOUS WAYS TO SOLVE SUPPER,56.41,1,In stock,3
THE PAST NEVER ENDS,56.5,4,In stock,3
THE NATURAL HISTORY OF US THE FINE ART OF PRETENDING,45.22,3,In stock,3
THE NAMELESS CITY THE NAMELESS CITY,38.16,4,In stock,4
THE MURDER THAT NEVER WAS FORENSIC INSTINCTS,54.11,3,In stock,4
THE MOST PERFECT THING INSIDE AND OUTSIDE A BIRD S EGG,42.96,4,In stock,4
THE MINDFULNESS AND ACCEPTANCE WORKBOOK FOR ANXIETY A GUIDE TO BREAKING FREE FROM ANXIETY PHOBIAS AND WORRY USING ACCEPTANCE AND COMMITMENT THERAPY,23.89,4,In stock,4
THE LIFE CHANGING MAGIC OF TIDYING UP THE JAPANESE ART OF DECLUTTERING AND ORGANIZING,16.77,3,In stock,4
THE INEFFICIENCY ASSASSIN TIME MANAGEMENT TACTICS FOR WORKING SMARTER NOT LONGER,20.59,5,In stock,4
THE GUTSY GIRL ESCAPADES FOR YOUR LIFE OF EPIC ADVENTURE,37.13,1,In stock,4
THE ELECTRIC PENCIL DRAWINGS FROM INSIDE STATE HOSPITAL NO,56.06,1,In stock,4
THE DEATH OF HUMANITY AND THE CASE FOR LIFE,58.11,4,In stock,4
THE BULLETPROOF DIET LOSE UP TO A POUND A DAY RECLAIM ENERGY AND FOCUS UPGRADE YOUR LIFE,49.05,3,In stock,4
THE ART FORGER,40.76,3,In stock,4
THE AGE OF GENIUS THE SEVENTEENTH CENTURY AND THE BIRTH OF THE MODERN MIND,19.73,1,In stock,4
THE ACTIVIST S TAO TE CHING ANCIENT ADVICE FOR A MODERN REVOLUTION,32.24,5,In stock,4
SPARK JOY AN ILLUSTRATED MASTER CLASS ON THE ART OF ORGANIZING AND TIDYING UP,41.83,4,In stock,4
SOUL READER,39.58,2,In stock,4
SECURITY,39.25,2,In stock,4
SAGA VOLUME SAGA COLLECTED EDITIONS,25.02,3,In stock,4
SAGA VOLUME SAGA COLLECTED EDITIONS,51.04,2,In stock,4
RESKILLING AMERICA LEARNING TO LABOR IN THE TWENTY FIRST CENTURY,19.83,2,In stock,4
RAT QUEENS VOL DEMONS RAT QUEENS COLLECTED EDITIONS,50.4,3,In stock,4
PRINCESS JELLYFISH IN OMNIBUS VOL PRINCESS JELLYFISH IN OMNIBUS,13.61,5,In stock,5
PRINCESS BETWEEN WORLDS WIDE AWAKE PRINCESS,13.34,5,In stock,5
POP GUN WAR VOLUME GIFT,18.97,1,In stock,5
POLITICAL SUICIDE MISSTEPS PECCADILLOES BAD CALLS BACKROOM HIJINX SORDID PASTS ROTTEN BREAKS AND JUST PLAIN DUMB MISTAKES IN THE ANNALS OF AMERICAN POLITICS,36.28,2,In stock,5
PATIENCE,10.16,3,In stock,5
OUTCAST VOL A DARKNESS SURROUNDS HIM OUTCAST,15.44,4,In stock,5
ORANGE THE COMPLETE COLLECTION ORANGE THE COMPLETE COLLECTION,48.41,1,In stock,5
ONLINE MARKETING FOR BUSY AUTHORS A STEP BY STEP GUIDE,46.35,1,In stock,5
ON A MIDNIGHT CLEAR,14.07,3,In stock,5
OBSIDIAN LUX,14.86,2,In stock,5
MY PARIS KITCHEN RECIPES AND STORIES,33.37,2,In stock,5
MASKS AND SHADOWS,56.4,2,In stock,5
MAMA TRIED TRADITIONAL ITALIAN COOKING FOR THE SCREWED CRUDE VEGAN AND TATTOOED,14.02,4,In stock,5
LUMBERJANES VOL FRIENDSHIP TO THE MAX LUMBERJANES,46.91,2,In stock,5
LUMBERJANES VOL BEWARE THE KITTEN HOLY LUMBERJANES,45.61,3,In stock,5
LUMBERJANES VOL A TERRIBLE PLAN LUMBERJANES,19.92,2,In stock,5
LAYERED BAKING BUILDING AND STYLING SPECTACULAR CAKES,40.11,1,In stock,5
JUDO SEVEN STEPS TO BLACK BELT AN INTRODUCTORY GUIDE FOR BEGINNERS,53.9,2,In stock,5
JOIN,35.67,5,In stock,5
IN THE COUNTRY WE LOVE MY FAMILY DIVIDED,22.0,4,In stock,5
IMMUNITY HOW ELIE METCHNIKOFF CHANGED THE COURSE OF MODERN MEDICINE,57.36,5,In stock,6
I HATE FAIRYLAND VOL MADLY EVER AFTER I HATE FAIRYLAND COMPILATIONS,29.17,2,In stock,6
I AM A HERO OMNIBUS VOLUME,54.63,3,In stock,6
HOW TO BE MISERABLE STRATEGIES YOU ALREADY USE,46.03,1,In stock,6
HER BACKUP BOYFRIEND THE SORENSEN FAMILY,33.97,1,In stock,6
GIANT DAYS VOL GIANT DAYS,22.11,2,In stock,6
FOREVER AND FOREVER THE COURTSHIP OF HENRY LONGFELLOW AND FANNY APPLETON,29.69,3,In stock,6
FIRST AND FIRST FIVE BOROUGHS,15.97,4,In stock,6
FIFTY SHADES DARKER FIFTY SHADES,21.96,1,In stock,6
EVERYDATA THE MISINFORMATION HIDDEN IN THE LITTLE DATA YOU CONSUME EVERY DAY,54.35,2,In stock,6
DON T BE A JERK AND OTHER PRACTICAL ADVICE FROM DOGEN JAPAN S GREATEST ZEN MASTER,37.97,2,In stock,6
DANGANRONPA VOLUME,51.99,4,In stock,6
CROWN OF MIDNIGHT THRONE OF GLASS,43.29,3,In stock,6
CODENAME BABOUSHKA VOLUME THE CONCLAVE OF DEATH,36.72,4,In stock,6
CAMP MIDNIGHT,17.08,4,In stock,6
CALL THE NURSE TRUE STORIES OF A COUNTRY NURSE ON A SCOTTISH ISLE,29.14,5,In stock,6
BURNING,28.81,3,In stock,6
BOSSYPANTS,49.46,2,In stock,6
BITCH PLANET VOL EXTRAORDINARY MACHINE BITCH PLANET COLLECTED EDITIONS,37.92,2,In stock,6
AVATAR THE LAST AIRBENDER SMOKE AND SHADOW PART SMOKE AND SHADOW,28.09,2,In stock,6
ALGORITHMS TO LIVE BY THE COMPUTER SCIENCE OF HUMAN DECISIONS,30.81,1,In stock,7
A WORLD OF FLAVOR YOUR GLUTEN FREE PASSPORT,42.95,1,In stock,7
A PIECE OF SKY A GRAIN OF RICE A MEMOIR IN FOUR MEDITATIONS,56.76,5,In stock,7
A MURDER IN TIME,16.64,1,In stock,7
A FLIGHT OF ARROWS THE PATHFINDERS,55.53,5,In stock,7
A FIERCE AND SUBTLE POISON,28.13,4,In stock,7
A COURT OF THORNS AND ROSES A COURT OF THORNS AND ROSES,52.37,1,In stock,7
UN QUALIFIED HOW GOD USES BROKEN PEOPLE TO DO BIG THINGS,54.0,5,In stock,7
YOU ARE WHAT YOU LOVE THE SPIRITUAL POWER OF HABIT,21.87,4,In stock,7
WILLIAM SHAKESPEARE S STAR WARS VERILY A NEW HOPE WILLIAM SHAKESPEARE S STAR WARS,43.3,4,In stock,7
TUESDAY NIGHTS IN,21.04,2,In stock,7
TRACING NUMBERS ON A TRAIN,41.6,3,In stock,7
THRONE OF GLASS THRONE OF GLASS,35.07,3,In stock,7
THOMAS JEFFERSON AND THE TRIPOLI PIRATES THE FORGOTTEN WAR THAT CHANGED AMERICAN HISTORY,59.64,1,In stock,7
THIRTEEN REASONS WHY,52.72,1,In stock,7
THE WHITE CAT AND THE MONK A RETELLING OF THE POEM PANGUR BAN,58.08,4,In stock,7
THE WEDDING DRESS,24.12,1,In stock,7
THE VACATIONERS,42.15,4,In stock,7
THE THIRD WAVE AN ENTREPRENEURS VISION OF THE FUTURE,12.61,5,In stock,7
THE STRANGER,17.44,4,In stock,7
THE SHADOW HERO THE SHADOW HERO,33.14,1,In stock,8
THE SECRET THE SECRET,27.37,4,In stock,8
THE REGIONAL OFFICE IS UNDER ATTACK,51.36,5,In stock,8
THE PSYCHOPATH TEST A JOURNEY THROUGH THE MADNESS INDUSTRY,36.0,2,In stock,8
THE PROJECT,10.65,1,In stock,8
THE POWER OF NOW A GUIDE TO SPIRITUAL ENLIGHTENMENT,43.54,2,In stock,8
THE OMNIVORE S DILEMMA A NATURAL HISTORY OF FOUR MEALS,38.21,2,In stock,8
THE NERDY NUMMIES COOKBOOK SWEET TREATS FOR THE GEEK IN ALL OF US,37.34,5,In stock,8
THE MURDER OF ROGER ACKROYD HERCULE POIROT,44.1,4,In stock,8
THE MISTAKE OFF CAMPUS,43.29,3,In stock,8
THE MATCHMAKER S PLAYBOOK WINGMEN INC,55.85,1,In stock,8
THE LOVE AND LEMONS COOKBOOK AN APPLE TO ZUCCHINI CELEBRATION OF IMPROMPTU COOKING,37.6,2,In stock,8
THE LONG SHADOW OF SMALL GHOSTS MURDER AND MEMORY IN AN AMERICAN CITY,10.97,1,In stock,8
THE KITE RUNNER,41.82,4,In stock,8
THE HOUSE BY THE LAKE,36.95,1,In stock,8
THE GLITTERING COURT THE GLITTERING COURT,44.28,1,In stock,8
THE GIRL ON THE TRAIN,55.02,2,In stock,8
THE GENIUS OF BIRDS,17.24,1,In stock,8
THE EMERALD MYSTERY,23.15,2,In stock,8
THE COOKIES CUPS COOKBOOK SWEET SAVORY RECIPES REMINDING YOU TO ALWAYS EAT DESSERT FIRST,41.25,1,In stock,8
THE BRIDGE TO CONSCIOUSNESS I M WRITING THE BRIDGE BETWEEN SCIENCE AND OUR OLD AND NEW BELIEFS,32.0,3,In stock,9
THE ARTIST S WAY A SPIRITUAL PATH TO HIGHER CREATIVITY,38.49,5,In stock,9
THE ART OF WAR,33.34,5,In stock,9
THE ARGONAUTS,10.93,2,In stock,9
THE ENTREPRENEUR LIVE YOUR STARTUP DREAM WITHOUT QUITTING YOUR DAY JOB,27.55,3,In stock,9
SUDDENLY IN LOVE LAKE HAVEN,55.99,2,In stock,9
SOMETHING MORE THAN THIS,16.24,4,In stock,9
SOFT APOCALYPSE,26.12,2,In stock,9
SO YOU VE BEEN PUBLICLY SHAMED,12.23,2,In stock,9
SHOE DOG A MEMOIR BY THE CREATOR OF NIKE,23.99,2,In stock,9
SHOBU SAMURAI PROJECT ARYOKU,29.06,3,In stock,9
SECRETS AND LACE FATAL HEARTS,20.27,1,In stock,9
SCARLETT EPSTEIN HATES IT HERE,43.55,5,In stock,9
ROMERO AND JULIET A TRAGIC TALE OF LOVE AND ZOMBIES,36.94,1,In stock,9
REDEEMING LOVE,20.47,5,In stock,9
POSES FOR ARTISTS VOLUME DYNAMIC AND SITTING POSES AN ESSENTIAL REFERENCE FOR FIGURE DRAWING AND THE HUMAN FORM,41.06,1,In stock,9
POEMS THAT MAKE GROWN WOMEN CRY,14.19,4,In stock,9
NIGHTINGALE SING,38.28,1,In stock,9
NIGHT SKY WITH EXIT WOUNDS,41.05,1,In stock,9
MRS HOUDINI,30.25,5,In stock,9
MODERN ROMANCE,28.26,5,In stock,10
MISS PEREGRINES HOME FOR PECULIAR CHILDREN MISS PEREGRINES PECULIAR CHILDREN,10.76,1,In stock,10
LOUISA THE EXTRAORDINARY LIFE OF MRS ADAMS,16.85,2,In stock,10
LITTLE RED,13.47,3,In stock,10
LIBRARY OF SOULS MISS PEREGRINES PECULIAR CHILDREN,48.56,5,In stock,10
LARGE PRINT HEART OF THE PRIDE,19.15,2,In stock,10
I HAD A NICE TIME AND OTHER LIES HOW TO FIND LOVE SH T LIKE THAT,57.36,4,In stock,10
HOLLOW CITY MISS PEREGRINES PECULIAR CHILDREN,42.98,1,In stock,10
GRUMBLES,22.16,2,In stock,10
FULL MOON OVER NOAHS ARK AN ODYSSEY TO MOUNT ARARAT AND BEYOND,49.43,4,In stock,10
FROSTBITE VAMPIRE ACADEMY,29.99,5,In stock,10
FOLLOW YOU HOME,21.36,1,In stock,10
FIRST STEPS FOR NEW CHRISTIANS PRINT EDITION,29.0,1,In stock,10
FINDERS KEEPERS BILL HODGES TRILOGY,53.53,5,In stock,10
FABLES VOL LEGENDS IN EXILE FABLES,41.62,4,In stock,10
EUREKA TRIVIA,54.59,4,In stock,10
DRIVE THE SURPRISING TRUTH ABOUT WHAT MOTIVATES US,34.95,4,In stock,10
DONE RUBBED OUT REIGHTMAN BAILEY,37.72,5,In stock,10
DOING IT OVER MOST LIKELY TO,35.61,3,In stock,10
DELICIOUSLY ELLA EVERY DAY QUICK AND EASY RECIPES FOR GLUTEN FREE SNACKS PACKED LUNCHES AND SIMPLE MEALS,42.16,3,In stock,10
DARK NOTES,19.19,5,In stock,11
DARING GREATLY HOW THE COURAGE TO BE VULNERABLE TRANSFORMS THE WAY WE LIVE LOVE PARENT AND LEAD,19.43,3,In stock,11
CLOSE TO YOU,49.46,4,In stock,11
CHASING HEAVEN WHAT DYING TAUGHT ME ABOUT LIVING,37.8,2,In stock,11
BIG MAGIC CREATIVE LIVING BEYOND FEAR,30.8,3,In stock,11
BECOMING WISE AN INQUIRY INTO THE MYSTERY AND ART OF LIVING,27.43,2,In stock,11
BEAUTY RESTORED RILEY FAMILY LEGACY NOVELLAS,11.11,2,In stock,11
BATMAN THE LONG HALLOWEEN BATMAN,36.5,2,In stock,11
BATMAN THE DARK KNIGHT RETURNS BATMAN,15.38,5,In stock,11
AYUMI S VIOLIN,15.48,2,In stock,11
ANONYMOUS,46.82,4,In stock,11
AMY MEETS THE SAINTS AND SAGES,18.46,3,In stock,11
AMID THE CHAOS,36.58,1,In stock,11
AMATUS,50.54,5,In stock,11
AGNOSTIC A SPIRITED MANIFESTO,12.51,5,In stock,11
ZEALOT THE LIFE AND TIMES OF JESUS OF NAZARETH,24.7,3,In stock,11
YOU YOU,43.61,5,In stock,11
WONDER WOMAN EARTH ONE VOLUME ONE WONDER WOMAN EARTH ONE,37.34,4,In stock,11
WILD SWANS,14.36,2,In stock,11
WHY THE RIGHT WENT WRONG CONSERVATISM FROM GOLDWATER TO THE TEA PARTY AND BEYOND,52.65,4,In stock,11
WHOLE LOTTA CREATIVITY GOING ON FUN AND UNUSUAL EXERCISES TO AWAKEN AND STRENGTHEN YOUR CREATIVITY,38.2,4,In stock,12
WHAT S IT LIKE IN SPACE STORIES FROM ASTRONAUTS WHO VE BEEN THERE,19.6,2,In stock,12
WE ARE ROBIN VOL THE VIGILANTE BUSINESS WE ARE ROBIN,53.9,1,In stock,12
WALT DISNEY S ALICE IN WONDERLAND,12.96,5,In stock,12
V FOR VENDETTA V FOR VENDETTA COMPLETE,37.1,4,In stock,12
UNTIL FRIDAY NIGHT THE FIELD PARTY,46.31,2,In stock,12
UNBROKEN A WORLD WAR II STORY OF SURVIVAL RESILIENCE AND REDEMPTION,45.95,2,In stock,12
TWENTY YAWNS,22.08,2,In stock,12
THROUGH THE WOODS,25.38,2,In stock,12
THIS IS WHERE IT ENDS,27.12,2,In stock,12
THE YEAR OF MAGICAL THINKING,43.04,2,In stock,12
THE WRIGHT BROTHERS,56.8,4,In stock,12
THE WHITE QUEEN THE COUSINS WAR,25.91,5,In stock,12
THE WEDDING PACT THE O MALLEYS,32.61,3,In stock,12
THE TIME KEEPER,27.88,5,In stock,12
THE TESTAMENT OF MARY,52.67,4,In stock,12
THE STAR TOUCHED QUEEN,46.02,5,In stock,12
THE SONGS OF THE GODS,44.48,5,In stock,12
THE SONG OF ACHILLES,37.4,5,In stock,12
THE ROSIE PROJECT DON TILLMAN,54.04,1,In stock,12
THE POWER OF HABIT WHY WE DO WHAT WE DO IN LIFE AND BUSINESS,16.88,3,In stock,13
THE MARRIAGE OF OPPOSITES,28.08,4,In stock,13
THE LUCIFER EFFECT UNDERSTANDING HOW GOOD PEOPLE TURN EVIL,10.4,1,In stock,13
THE LONG HAUL DIARY OF A WIMPY KID,44.07,1,In stock,13
THE LONEY,23.4,1,In stock,13
THE LITERATURE BOOK BIG IDEAS SIMPLY EXPLAINED,17.43,3,In stock,13
THE LAST MILE AMOS DECKER,54.21,2,In stock,13
THE IMMORTAL LIFE OF HENRIETTA LACKS,40.67,2,In stock,13
THE HIDDEN ORACLE THE TRIALS OF APOLLO,52.26,2,In stock,13
THE HELP YOURSELF COOKBOOK FOR KIDS EASY PLANT BASED RECIPES KIDS CAN MAKE TO STAY HEALTHY AND SAVE THE EARTH,28.77,3,In stock,13
THE GUILTY WILL ROBIE,13.82,2,In stock,13
THE FIRST HOSTAGE J B COLLINS,25.85,3,In stock,13
THE DOVEKEEPERS,48.78,1,In stock,13
THE DARKEST LIE,35.35,5,In stock,13
THE BANE CHRONICLES THE BANE CHRONICLES,44.73,4,In stock,13
THE BAD ASS LIBRARIANS OF TIMBUKTU AND THEIR RACE TO SAVE THE WORLDS MOST PRECIOUS MANUSCRIPTS,15.77,1,In stock,13
THE TH COLONY COTTON MALONE,39.24,1,In stock,13
THAT DARKNESS GARDINER AND RENNER,13.92,1,In stock,13
TASTES LIKE FEAR DI MARNIE ROME,10.69,1,In stock,13
TAKE ME WITH YOU,45.21,3,In stock,13
SWELL A YEAR OF WAVES,45.58,1,In stock,14
SUPERMAN VOL BEFORE TRUTH SUPERMAN BY GENE LUEN YANG,11.89,5,In stock,14
STILL LIFE WITH BREAD CRUMBS,26.41,3,In stock,14
STEVE JOBS,39.5,5,In stock,14
SORTING THE BEEF FROM THE BULL THE SCIENCE OF FOOD FRAUD FORENSICS,44.74,4,In stock,14
SOMEONE LIKE YOU THE HARRISONS,52.79,5,In stock,14
SO CUTE IT HURTS VOL SO CUTE IT HURTS,35.43,4,In stock,14
SHTUM,55.84,4,In stock,14
SEE AMERICA A CELEBRATION OF OUR NATIONAL PARKS TREASURED SITES,48.87,3,In stock,14
SALT,46.78,4,In stock,14
ROBIN WAR,47.82,3,In stock,14
RED HOOD ARSENAL VOL OPEN FOR BUSINESS RED HOOD ARSENAL,25.48,2,In stock,14
RAIN FISH,23.57,3,In stock,14
QUARTER LIFE POETRY POEMS FOR THE YOUNG BROKE AND HANGRY,50.89,5,In stock,14
PET SEMATARY,10.56,3,In stock,14
OVERLOAD HOW TO UNPLUG UNWIND AND UNLEASH YOURSELF FROM THE PRESSURE OF STRESS,52.15,3,In stock,14
ONCE WAS A TIME,18.28,2,In stock,14
OLD SCHOOL DIARY OF A WIMPY KID,11.83,5,In stock,14
NO DREAM IS TOO HIGH LIFE LESSONS FROM A MAN WHO WALKED ON THE MOON,21.95,2,In stock,14
NARUTO IN EDITION VOL INCLUDES VOLS NARUTO OMNIBUS,38.39,2,In stock,14
MY NAME IS LUCY BARTON,41.56,1,In stock,15
MY MRS BROWN,24.48,3,In stock,15
MY KIND OF CRAZY,40.36,1,In stock,15
MR MERCEDES BILL HODGES TRILOGY,28.9,1,In stock,15
MORE THAN MUSIC CHASING THE DREAM,37.61,2,In stock,15
MADE TO STICK WHY SOME IDEAS SURVIVE AND OTHERS DIE,38.85,5,In stock,15
LUIS PAINTS THE WORLD,53.95,3,In stock,15
LUCKIEST GIRL ALIVE,49.83,3,In stock,15
LOWRIDERS TO THE CENTER OF THE EARTH LOWRIDERS IN SPACE,51.51,2,In stock,15
LOVE IS A MIX TAPE MUSIC,18.03,1,In stock,15
LOOKING FOR LOVELY COLLECTING THE MOMENTS THAT MATTER,29.14,5,In stock,15
LIVING LEADERSHIP BY INSIGHT A GOOD LEADER ACHIEVES A GREAT LEADER BUILDS MONUMENTS,46.91,4,In stock,15
LET IT OUT A JOURNEY THROUGH JOURNALING,26.79,5,In stock,15
LADY MIDNIGHT THE DARK ARTIFICES,16.28,5,In stock,15
IT S ALL EASY HEALTHY DELICIOUS WEEKNIGHT MEALS IN UNDER MINUTES,19.55,1,In stock,15
ISLAND OF DRAGONS UNWANTEDS,29.65,1,In stock,15
I KNOW WHAT I M DOING AND OTHER LIES I TELL MYSELF DISPATCHES FROM A LIFE UNDER CONSTRUCTION,25.98,4,In stock,15
I AM PILGRIM PILGRIM,10.6,4,In stock,15
HYPERBOLE AND A HALF UNFORTUNATE SITUATIONS FLAWED COPING MECHANISMS MAYHEM AND OTHER THINGS THAT HAPPENED,14.75,5,In stock,15
HUSH HUSH HUSH HUSH,47.02,3,In stock,15
HOLD YOUR BREATH SEARCH AND RESCUE,28.82,1,In stock,16
HAMILTON THE REVOLUTION,58.79,3,In stock,16
GREEK MYTHIC HISTORY,10.23,5,In stock,16
GOD THE MOST UNPLEASANT CHARACTER IN ALL FICTION,30.03,5,In stock,16
GLORY OVER EVERYTHING BEYOND THE KITCHEN HOUSE,45.84,3,In stock,16
FEATHERS DISPLAYS OF BRILLIANT PLUMAGE,49.05,3,In stock,16
FAR AWAY PLACES ON THE BRINK OF CHANGE SEVEN CONTINENTS TWENTY FIVE YEARS,15.06,4,In stock,16
EVERY LAST WORD,46.47,3,In stock,16
ELIGIBLE THE AUSTEN PROJECT,27.09,3,In stock,16
EL DEAFO,57.62,5,In stock,16
EIGHT HUNDRED GRAPES,14.39,4,In stock,16
EATERNITY MORE THAN DELICIOUSLY EASY VEGAN RECIPES FOR A LONG HEALTHY SATISFIED JOYFUL LIFE,51.75,5,In stock,16
EAT FAT GET THIN,54.07,2,In stock,16
DON T GET CAUGHT,55.35,1,In stock,16
DOCTOR SLEEP THE SHINING,40.12,2,In stock,16
DEMIGODS MAGICIANS PERCY AND ANNABETH MEET THE KANES PERCY JACKSON KANE CHRONICLES CROSSOVER,37.51,5,In stock,16
DEAR MR KNIGHTLEY,11.21,5,In stock,16
DAILY FANTASY SPORTS,36.58,1,In stock,16
CRAZY LOVE OVERWHELMED BY A RELENTLESS GOD,47.72,2,In stock,16
COMETH THE HOUR THE CLIFTON CHRONICLES,25.01,3,In stock,16
CODE NAME VERITY CODE NAME VERITY,22.13,4,In stock,17
CLOCKWORK ANGEL THE INFERNAL DEVICES,44.14,1,In stock,17
CITY OF GLASS THE MORTAL INSTRUMENTS,56.02,4,In stock,17
CITY OF FALLEN ANGELS THE MORTAL INSTRUMENTS,11.23,4,In stock,17
CITY OF BONES THE MORTAL INSTRUMENTS,43.28,1,In stock,17
CITY OF ASHES THE MORTAL INSTRUMENTS,47.27,1,In stock,17
CELL,20.29,4,In stock,17
CATCHING JORDAN HUNDRED OAKS,50.83,3,In stock,17
CARRY ON WARRIOR THOUGHTS ON LIFE UNARMED,31.85,3,In stock,17
CARRIE,46.23,2,In stock,17
BUYING IN THE SECRET DIALOGUE BETWEEN WHAT WE BUY AND WHO WE ARE,37.8,4,In stock,17
BRAIN ON FIRE MY MONTH OF MADNESS,49.32,5,In stock,17
BATMAN EUROPA,32.01,2,In stock,17
BAREFOOT CONTESSA BACK TO BASICS,28.01,1,In stock,17
BAREFOOT CONTESSA AT HOME EVERYDAY RECIPES YOU LL MAKE OVER AND OVER AGAIN,50.62,5,In stock,17
BALLOON ANIMALS,17.03,3,In stock,17
ART OPS VOL,48.8,3,In stock,17
ARISTOTLE AND DANTE DISCOVER THE SECRETS OF THE UNIVERSE ARISTOTLE AND DANTE DISCOVER THE SECRETS OF THE UNIVERSE,58.14,4,In stock,17
ANGELS WALKING ANGELS WALKING,34.2,2,In stock,17
ANGELS DEMONS ROBERT LANGDON,51.48,3,In stock,17
ALL THE LIGHT WE CANNOT SEE,29.87,5,In stock,18
ADULTHOOD IS A MYTH A SARAH S SCRIBBLES COLLECTION,10.9,2,In stock,18
ABSTRACT CITY,56.37,5,In stock,18
A TIME OF TORMENT CHARLIE PARKER,48.35,5,In stock,18
A STUDY IN SCARLET SHERLOCK HOLMES,16.73,2,In stock,18
A SERIES OF CATASTROPHES AND MIRACLES A TRUE STORY OF LOVE SCIENCE AND CANCER,56.48,2,In stock,18
A PEOPLE S HISTORY OF THE UNITED STATES,40.79,2,In stock,18
A MAN CALLED OVE,39.72,1,In stock,18
A DISTANT MIRROR THE CALAMITOUS TH CENTURY,14.58,3,In stock,18
A BRUSH OF WINGS ANGELS WALKING,55.51,1,In stock,18
NEW REVELATIONS OF THE AMERICAS BEFORE COLUMBUS,21.8,3,In stock,18
THE THREE SEARCHES MEANING AND THE STORY,13.33,3,In stock,18
SEARCHING FOR MEANING IN GAILANA,38.73,1,In stock,18
ROOK,37.86,4,In stock,18
MY KITCHEN YEAR RECIPES THAT SAVED MY LIFE,11.53,2,In stock,18
HOURS THE INSIDE ACCOUNT OF WHAT REALLY HAPPENED IN BENGHAZI,27.06,1,In stock,18
WILL YOU WON T YOU WANT ME,13.86,3,In stock,18
TIPPING POINT FOR PLANET EARTH HOW CLOSE ARE WE TO THE EDGE,37.55,1,In stock,18
THE STAR TOUCHED QUEEN,32.3,5,In stock,18
THE SILENT SISTER RILEY MACPHERSON,46.29,5,In stock,18
THE MIDNIGHT WATCH A NOVEL OF THE TITANIC AND THE CALIFORNIAN,26.2,1,In stock,19
THE LONELY CITY ADVENTURES IN THE ART OF BEING ALONE,33.26,2,In stock,19
THE GRAY RHINO HOW TO RECOGNIZE AND ACT ON THE OBVIOUS DANGERS WE IGNORE,59.15,4,In stock,19
THE GOLDEN CONDOM AND OTHER ESSAYS ON LOVE LOST AND FOUND,39.43,1,In stock,19
THE EPIDEMIC THE PROGRAM,14.44,5,In stock,19
THE DINNER PARTY,56.54,2,In stock,19
THE DIARY OF A YOUNG GIRL,59.9,3,In stock,19
THE CHILDREN,11.88,3,In stock,19
STARS ABOVE THE LUNAR CHRONICLES,48.05,2,In stock,19
SNATCHED HOW A DRUG QUEEN WENT UNDERCOVER FOR THE DEA AND WAS KIDNAPPED BY COLOMBIAN GUERILLAS,21.21,3,In stock,19
RASPBERRY PI ELECTRONICS PROJECTS FOR THE EVIL GENIUS,49.67,4,In stock,19
QUENCH YOUR OWN THIRST BUSINESS LESSONS LEARNED OVER A BEER OR TWO,43.14,1,In stock,19
PSYCHO SANITARIUM PSYCHO,36.97,5,In stock,19
POISONOUS MAX REVERE NOVELS,26.8,3,In stock,19
ONE WITH YOU CROSSFIRE,15.71,4,In stock,19
NO LOVE ALLOWED DODGE COVE,54.65,4,In stock,19
MURDER AT THE ND STREET LIBRARY RAYMOND AMBLER,54.36,4,In stock,19
MOST WANTED,35.28,3,In stock,19
LOVE LIES AND SPIES,20.55,2,In stock,19
HOW TO SPEAK GOLF AN ILLUSTRATED GUIDE TO LINKS LINGO,58.32,5,In stock,19
HIDE AWAY EVE DUNCAN,11.84,1,In stock,20
FURIOUSLY HAPPY A FUNNY BOOK ABOUT HORRIBLE THINGS,41.46,4,In stock,20
EVERYDAY ITALIAN SIMPLE AND DELICIOUS RECIPES,20.1,5,In stock,20
EQUAL IS UNFAIR AMERICA S MISGUIDED FIGHT AGAINST INCOME INEQUALITY,56.86,1,In stock,20
ELEANOR PARK,56.51,5,In stock,20
DIRTY DIVE BAR,40.83,4,In stock,20
CAN YOU KEEP A SECRET FEAR STREET RELAUNCH,48.64,1,In stock,20
BOAR ISLAND ANNA PIGEON,59.48,3,In stock,20
A PARIS APARTMENT,39.01,4,In stock,20
A LA MODE RECIPES IN PAIRINGS PIES TARTS CAKES CRISPS AND MORE TOPPED WITH ICE CREAM GELATO FROZEN CUSTARD AND MORE,38.77,1,In stock,20
TROUBLEMAKER SURVIVING HOLLYWOOD AND SCIENTOLOGY,48.39,2,In stock,20
THE WIDOW,27.26,2,In stock,20
THE SLEEP REVOLUTION TRANSFORMING YOUR LIFE ONE NIGHT AT A TIME,11.68,4,In stock,20
THE IMPROBABILITY OF LOVE,59.45,1,In stock,20
THE ART OF STARTUP FUNDRAISING,21.0,3,In stock,20
TAKE ME HOME TONIGHT ROCK STAR ROMANCE,53.98,3,In stock,20
SLEEPING GIANTS THEMIS FILES,48.74,1,In stock,20
SETTING THE WORLD ON FIRE THE BRIEF ASTONISHING LIFE OF ST CATHERINE OF SIENA,21.15,2,In stock,20
PLAYING WITH FIRE,13.71,3,In stock,20
OFF THE HOOK FISHING FOR TROUBLE,47.67,3,In stock,20
MOTHERING SUNDAY,13.34,2,In stock,21
MOTHER CAN YOU NOT,16.89,5,In stock,21
M TRAIN,27.18,1,In stock,21
LILAC GIRLS,17.28,2,In stock,21
LIES AND OTHER ACTS OF LOVE,45.14,1,In stock,21
LAB GIRL,40.85,1,In stock,21
KEEP ME POSTED,20.46,4,In stock,21
IT DIDN T START WITH YOU HOW INHERITED FAMILY TRAUMA SHAPES WHO WE ARE AND HOW TO END THE CYCLE,56.27,3,In stock,21
GREY FIFTY SHADES,48.49,4,In stock,21
EXIT PURSUED BY A BEAR,51.34,4,In stock,21
DAREDEVILS,16.34,3,In stock,21
CRAVINGS RECIPES FOR WHAT YOU WANT TO EAT,20.5,3,In stock,21
BORN FOR THIS HOW TO FIND THE WORK YOU WERE MEANT TO DO,21.59,5,In stock,21
ARENA,21.36,4,In stock,21
ADULTERY,20.88,5,In stock,21
A MOTHER S RECKONING LIVING IN THE AFTERMATH OF TRAGEDY,19.53,3,In stock,21
A GENTLEMAN S POSITION SOCIETY OF GENTLEMEN,14.75,5,In stock,21
UNTITLED,48.48,3,In stock,21
HAPPIER HOW I TAMED THE VOICE IN MY HEAD REDUCED STRESS WITHOUT LOSING MY EDGE AND FOUND SELF HELP THAT ACTUALLY WORKS,24.57,2,In stock,21
DAY GREEN SMOOTHIE CLEANSE LOSE UP TO POUNDS IN DAYS,49.71,5,In stock,21
WITHOUT SHAME,48.27,5,In stock,22
WATCHMEN,58.05,4,In stock,22
UNLIMITED INTUITION NOW,58.87,4,In stock,22
UNDERLYING NOTES,11.82,2,In stock,22
THE SHACK,28.03,1,In stock,22
THE NEW BRAND YOU YOUR NEW IMAGE MAKES THE SALE FOR YOU,44.05,5,In stock,22
THE MOOSEWOOD COOKBOOK RECIPES FROM MOOSEWOOD RESTAURANT ITHACA NEW YORK,12.34,4,In stock,22
THE FLOWERS LIED,16.68,2,In stock,22
THE FABRIC OF THE COSMOS SPACE TIME AND THE TEXTURE OF REALITY,55.91,1,In stock,22
THE BOOK OF MORMON,24.57,3,In stock,22
THE ART AND SCIENCE OF LOW CARBOHYDRATE LIVING,52.98,5,In stock,22
THE ALIEN CLUB,54.4,1,In stock,22
SUZIE SNOWFLAKE ONE BEAUTIFUL FLAKE A SELF ESTEEM STORY,54.81,5,In stock,22
NAP A ROO,25.08,1,In stock,22
NANO WHAT NOW FINDING YOUR EDITING PROCESS REVISING YOUR NANOWRIMO BOOK AND BUILDING A WRITING CAREER THROUGH PUBLISHING AND BEYOND,10.41,4,In stock,22
MODERN DAY FABLES,47.44,2,In stock,22
IF I GAVE YOU GOD S PHONE NUMBER SEARCHING FOR SPIRITUALITY IN AMERICA,20.91,1,In stock,22
FRUITS BASKET VOL FRUITS BASKET,33.95,4,In stock,22
DRESS YOUR FAMILY IN CORDUROY AND DENIM,43.68,3,In stock,22
DON T FORGET STEVEN,33.23,1,In stock,22
CHERNOBYL THE INCREDIBLE TRUE STORY OF THE WORLD S WORST NUCLEAR DISASTER,35.92,2,In stock,23
ART AND FEAR OBSERVATIONS ON THE PERILS AND REWARDS OF ARTMAKING,48.63,4,In stock,23
A SHARD OF ICE THE BLACK SYMPHONY SAGA,56.63,3,In stock,23
A HERO S CURSE THE UNSEEN CHRONICLES,50.49,3,In stock,23
DEGREES SOUTH A TROPICAL TALE OF CHANGING WHETHER,35.79,2,In stock,23
ZERO TO ONE NOTES ON STARTUPS OR HOW TO BUILD THE FUTURE,34.06,3,In stock,23
WHY NOT ME,17.76,1,In stock,23
WHEN BREATH BECOMES AIR,39.36,2,In stock,23
VAGABONDING AN UNCOMMON GUIDE TO THE ART OF LONG TERM WORLD TRAVEL,36.94,2,In stock,23
THE UNLIKELY PILGRIMAGE OF HAROLD FRY HAROLD FRY,43.62,5,In stock,23
THE NEW DRAWING ON THE RIGHT SIDE OF THE BRAIN,43.02,3,In stock,23
THE MIDNIGHT ASSASSIN PANIC SCANDAL AND THE HUNT FOR AMERICA S FIRST SERIAL KILLER,28.45,4,In stock,23
THE MARTIAN THE MARTIAN,41.39,2,In stock,23
THE HIGH MOUNTAINS OF PORTUGAL,51.15,1,In stock,23
THE GROWNUP,35.88,1,In stock,23
THE E MYTH REVISITED WHY MOST SMALL BUSINESSES DON T WORK AND WHAT TO DO ABOUT IT,36.91,1,In stock,23
SOUTH OF SUNSHINE,28.93,1,In stock,23
SMARTER FASTER BETTER THE SECRETS OF BEING PRODUCTIVE IN LIFE AND BUSINESS,38.89,5,In stock,23
SILENCE IN THE DARK LOGAN POINT,58.33,3,In stock,23
SHADOWS OF THE PAST LOGAN POINT,39.67,5,In stock,23
ROLLER GIRL,14.1,5,In stock,24
RISING STRONG,21.82,3,In stock,24
PROOFS OF GOD CLASSICAL ARGUMENTS FROM TERTULLIAN TO BARTH,54.21,1,In stock,24
PLEASE KILL ME THE UNCENSORED ORAL HISTORY OF PUNK,31.19,4,In stock,24
OUT OF PRINT CITY LIGHTS SPOTLIGHT NO,53.64,5,In stock,24
MY LIFE NEXT DOOR MY LIFE NEXT DOOR,36.39,5,In stock,24
MILLER S VALLEY,58.54,2,In stock,24
MAN S SEARCH FOR MEANING,29.48,3,In stock,24
LOVE THAT BOY WHAT TWO PRESIDENTS EIGHT ROAD TRIPS AND MY SON TAUGHT ME ABOUT A PARENT S EXPECTATIONS,25.06,2,In stock,24
LIVING FORWARD A PROVEN PLAN TO STOP DRIFTING AND GET THE LIFE YOU WANT,12.55,3,In stock,24
LES FLEURS DU MAL,29.04,5,In stock,24
LEFT BEHIND LEFT BEHIND,40.72,2,In stock,24
KILL EM AND LEAVE SEARCHING FOR JAMES BROWN AND THE AMERICAN SOUL,45.05,5,In stock,24
KIERKEGAARD A CHRISTIAN MISSIONARY TO CHRISTIANS,47.13,1,In stock,24
JOHN VASSOS INDUSTRIAL DESIGN FOR MODERN LIFE,20.22,4,In stock,24
I LL GIVE YOU THE SUN,56.48,1,In stock,24
I WILL FIND YOU,44.21,1,In stock,24
HYSTOPIA A NOVEL,21.96,4,In stock,24
HOWL AND OTHER POEMS,40.45,2,In stock,24
HISTORY OF BEAUTY,10.29,4,In stock,24
HEAVEN IS FOR REAL A LITTLE BOY S ASTOUNDING STORY OF HIS TRIP TO HEAVEN AND BACK,52.86,2,In stock,25
FUTURE SHOCK FUTURE SHOCK,55.65,5,In stock,25
ENDER S GAME THE ENDER QUINTET,43.64,1,In stock,25
DIARY OF A CITIZEN SCIENTIST CHASING TIGER BEETLES AND OTHER NEW WAYS OF ENGAGING THE WORLD,28.41,1,In stock,25
DEATH BY LEISURE A CAUTIONARY TALE,37.51,4,In stock,25
BRILLIANT BEACONS A HISTORY OF THE AMERICAN LIGHTHOUSE,11.45,3,In stock,25
BRAZEN THE COURAGE TO FIND THE YOU THAT S BEEN HIDING,19.22,2,In stock,25
BETWEEN THE WORLD AND ME,56.91,4,In stock,25
BEING MORTAL MEDICINE AND WHAT MATTERS IN THE END,55.06,4,In stock,25
A MURDER OVER A GIRL JUSTICE GENDER JUNIOR HIGH,13.2,3,In stock,25
YOLKS,53.63,2,In stock,25
MOST BLESSED OF THE PATRIARCHS THOMAS JEFFERSON AND THE EMPIRE OF THE IMAGINATION,44.48,5,In stock,25
YOU ARE A BADASS HOW TO STOP DOUBTING YOUR GREATNESS AND START LIVING AN AWESOME LIFE,12.08,3,In stock,25
WILDLIFE OF NEW YORK A FIVE BOROUGH COLORING BOOK,22.14,2,In stock,25
WHAT HAPPENED ON BEALE STREET SECRETS OF THE SOUTH MYSTERIES,25.37,5,In stock,25
UNREASONABLE HOPE FINDING FAITH IN THE GOD WHO BRINGS PURPOSE TO YOUR PAIN,46.33,2,In stock,25
UNDER THE TUSCAN SUN,37.33,3,In stock,25
TODDLERS ARE A HOLES IT S NOT YOUR FAULT,25.55,1,In stock,25
THE YEAR OF LIVING BIBLICALLY ONE MAN S HUMBLE QUEST TO FOLLOW THE BIBLE AS LITERALLY AS POSSIBLE,34.72,1,In stock,25
THE WHALE,35.96,4,In stock,25
THE STORY OF ART,41.14,4,In stock,26
THE ORIGIN OF SPECIES,10.01,4,In stock,26
THE GREAT GATSBY,36.05,4,In stock,26
THE GOOD GIRL,49.03,3,In stock,26
THE GLASS CASTLE,16.24,1,In stock,26
THE FAITH OF CHRISTOPHER HITCHENS THE RESTLESS SOUL OF THE WORLD S MOST NOTORIOUS ATHEIST,39.55,1,In stock,26
THE DROWNING GIRLS,35.67,3,In stock,26
THE CONSTANT PRINCESS THE TUDOR COURT,16.62,3,In stock,26
THE BOURNE IDENTITY JASON BOURNE,42.78,4,In stock,26
THE BACHELOR GIRL S GUIDE TO MURDER HERRINGFORD AND WATTS MYSTERIES,52.3,5,In stock,26
THE ART BOOK,32.34,2,In stock,26
THE HABITS OF HIGHLY EFFECTIVE PEOPLE POWERFUL LESSONS IN PERSONAL CHANGE,33.17,4,In stock,26
TEAM OF RIVALS THE POLITICAL GENIUS OF ABRAHAM LINCOLN,20.12,5,In stock,26
STEAL LIKE AN ARTIST THINGS NOBODY TOLD YOU ABOUT BEING CREATIVE,20.9,2,In stock,26
SIT STAY LOVE,20.9,3,In stock,26
SISTER DEAR,40.2,4,In stock,26
SHRUNKEN TREASURES LITERARY CLASSICS SHORT SWEET AND SILLY,52.87,3,In stock,26
RICH DAD POOR DAD,51.74,1,In stock,26
RAYMIE NIGHTINGALE,34.41,2,In stock,26
PLAYING FROM THE HEART,32.38,1,In stock,26
NIGHTSTRUCK A NOVEL,50.35,4,In stock,27
NATURALLY LEAN NOURISHING GLUTEN FREE PLANT BASED RECIPES ALL UNDER CALORIES,11.38,5,In stock,27
METERNITY,43.58,3,In stock,27
MEMOIRS OF A GEISHA,49.67,3,In stock,27
LIKE NEVER BEFORE WALKER FAMILY,28.77,2,In stock,27
LIFE OF PI,13.22,4,In stock,27
LEAVE THIS SONG BEHIND TEEN POETRY AT ITS BEST,51.17,5,In stock,27
KING S FOLLY THE KINSMAN CHRONICLES,39.61,5,In stock,27
JOHN ADAMS,57.43,4,In stock,27
HOW TO COOK EVERYTHING VEGETARIAN SIMPLE MEATLESS RECIPES FOR GREAT FOOD HOW TO COOK EVERYTHING,46.01,4,In stock,27
HOW TO BE A DOMESTIC GODDESS BAKING AND THE ART OF COMFORT COOKING,28.25,2,In stock,27
GOOD IN BED CANNIE SHAPIRO,37.05,5,In stock,27
FRUITS BASKET VOL FRUITS BASKET,19.57,1,In stock,27
FOR THE LOVE FIGHTING FOR GRACE IN A WORLD OF IMPOSSIBLE STANDARDS,45.13,3,In stock,27
FINDING GOD IN THE RUINS HOW GOD REDEEMS PAIN,46.64,2,In stock,27
EVERY HEART A DOORWAY EVERY HEART A DOORWAY,12.16,5,In stock,27
DELIVERING THE TRUTH QUAKER MIDWIFE MYSTERY,20.89,4,In stock,27
COUNTED WITH THE STARS OUT FROM EGYPT,17.97,5,In stock,27
CHRONICLES VOL,52.6,2,In stock,27
BLUE LIKE JAZZ NONRELIGIOUS THOUGHTS ON CHRISTIAN SPIRITUALITY,25.77,1,In stock,27
BENJAMIN FRANKLIN AN AMERICAN LIFE,48.19,3,In stock,28
AT THE EXISTENTIALIST CAFE FREEDOM BEING AND APRICOT COCKTAILS WITH JEAN PAUL SARTRE SIMONE DE BEAUVOIR ALBERT CAMUS MARTIN HEIDEGGER EDMUND HUSSERL KARL JASPERS MAURICE MERLEAU PONTY AND OTHERS,29.93,5,In stock,28
A SUMMER IN EUROPE,44.34,2,In stock,28
A SHORT HISTORY OF NEARLY EVERYTHING,52.4,5,In stock,28
A GATHERING OF SHADOWS SHADES OF MAGIC,44.81,4,In stock,28
THE SOUND OF LOVE,57.84,5,In stock,28
THE RISE AND FALL OF THE THIRD REICH A HISTORY OF NAZI GERMANY,39.67,2,In stock,28
THE PERKS OF BEING A WALLFLOWER,55.02,3,In stock,28
THE MYSTERIOUS AFFAIR AT STYLES HERCULE POIROT,24.8,4,In stock,28
THE MAN WHO MISTOOK HIS WIFE FOR A HAT AND OTHER CLINICAL TALES,59.45,4,In stock,28
THE MAKINGS OF A FATHERLESS CHILD,31.58,2,In stock,28
THE JOY OF COOKING,43.27,4,In stock,28
THE INVENTION OF WINGS,37.34,1,In stock,28
THE HOBBIT MIDDLE EARTH UNIVERSE,17.8,5,In stock,28
THE GREAT RAILWAY BAZAAR,30.54,1,In stock,28
THE GOLDEN COMPASS HIS DARK MATERIALS,18.77,1,In stock,28
THE GOD DELUSION,46.85,3,In stock,28
THE GIRL YOU LEFT BEHIND THE GIRL YOU LEFT BEHIND,15.79,1,In stock,28
THE FELLOWSHIP OF THE RING THE LORD OF THE RINGS,10.27,2,In stock,28
THE COLLECTED POEMS OF W B YEATS THE COLLECTED WORKS OF W B YEATS,15.42,5,In stock,28
THE BAREFOOT CONTESSA COOKBOOK,59.92,5,In stock,29
TELL THE WOLVES I M HOME,50.96,2,In stock,29
SHIP LEAVES HARBOR ESSAYS ON TRAVEL BY A RECOVERING JOURNEYMAN,30.6,3,In stock,29
PRIDE AND PREJUDICE,19.27,4,In stock,29
MUSICOPHILIA TALES OF MUSIC AND THE BRAIN,46.58,1,In stock,29
MERE CHRISTIANITY,48.51,3,In stock,29
ME BEFORE YOU ME BEFORE YOU,19.02,1,In stock,29
IN THE WOODS DUBLIN MURDER SQUAD,38.38,2,In stock,29
IN COLD BLOOD,49.98,4,In stock,29
HOW TO STOP WORRYING AND START LIVING,46.49,5,In stock,29
GIVE IT BACK,18.32,2,In stock,29
GIRL INTERRUPTED,42.14,3,In stock,29
FUN HOME A FAMILY TRAGICOMIC,56.59,4,In stock,29
FRUITS BASKET VOL FRUITS BASKET,20.96,4,In stock,29
DECEPTION POINT,40.32,4,In stock,29
DEATH NOTE VOL GIVE AND TAKE DEATH NOTE,36.39,3,In stock,29
CATHERINE THE GREAT PORTRAIT OF A WOMAN,58.55,4,In stock,29
BETTER HOMES AND GARDENS NEW COOK BOOK,39.61,3,In stock,29
AN UNQUIET MIND A MEMOIR OF MOODS AND MADNESS,21.3,3,In stock,29
A YEAR IN PROVENCE PROVENCE,56.88,4,In stock,29
WORLD WITHOUT END THE PILLARS OF THE EARTH,32.97,4,In stock,30
WILL GRAYSON WILL GRAYSON WILL GRAYSON WILL GRAYSON,47.31,4,In stock,30
WHY SAVE THE BANKERS AND OTHER ESSAYS ON OUR ECONOMIC AND POLITICAL CRISIS,48.67,2,In stock,30
WHERE SHE WENT IF I STAY,41.73,4,In stock,30
WHAT IF SERIOUS SCIENTIFIC ANSWERS TO ABSURD HYPOTHETICAL QUESTIONS,53.68,4,In stock,30
TWO SUMMERS,14.64,1,In stock,30
THIS IS YOUR BRAIN ON MUSIC THE SCIENCE OF A HUMAN OBSESSION,38.4,1,In stock,30
THE SECRET GARDEN,15.08,4,In stock,30
THE RAVEN KING THE RAVEN CYCLE,30.57,2,In stock,30
THE RAVEN BOYS THE RAVEN CYCLE,57.74,4,In stock,30
THE POWER GREENS COOKBOOK DELICIOUS SUPERFOOD RECIPES,11.05,5,In stock,30
THE METAMORPHOSIS,28.58,1,In stock,30
THE MATHEWS MEN SEVEN BROTHERS AND THE WAR AGAINST HITLER S U BOATS,42.91,5,In stock,30
THE LITTLE PARIS BOOKSHOP,24.73,3,In stock,30
THE HIDING PLACE,55.91,4,In stock,30
THE GRAND DESIGN,13.76,3,In stock,30
THE FIRM,45.56,3,In stock,30
THE FAULT IN OUR STARS,47.22,1,In stock,30
THE FALSE PRINCE THE ASCENDANCE TRILOGY,56.0,5,In stock,30
THE EXPATRIATES,44.58,2,In stock,30
THE DREAM THIEVES THE RAVEN CYCLE,34.5,1,In stock,31
THE DARKEST CORNERS,11.33,5,In stock,31
THE CROSSOVER,38.77,4,In stock,31
THE TH WAVE THE TH WAVE,11.83,2,In stock,31
TELL THE WIND AND FIRE,45.51,3,In stock,31
TELL ME THREE THINGS,41.81,1,In stock,31
TALKING TO GIRLS ABOUT DURAN DURAN ONE YOUNG MAN S QUEST FOR TRUE LOVE AND A COOLER HAIRCUT,25.15,4,In stock,31
SIDDHARTHA,34.22,5,In stock,31
SHIVER THE WOLVES OF MERCY FALLS,16.23,5,In stock,31
REMEMBER ME,11.48,3,In stock,31
RED DRAGON HANNIBAL LECTER,23.37,3,In stock,31
PEAK SECRETS FROM THE NEW SCIENCE OF EXPERTISE,16.28,2,In stock,31
MY MOTHER WAS NUTS,31.63,4,In stock,31
MEXICAN TODAY NEW AND REDISCOVERED RECIPES FOR CONTEMPORARY KITCHENS,24.91,5,In stock,31
MAYBE SOMETHING BEAUTIFUL HOW ART TRANSFORMED A NEIGHBORHOOD,22.54,1,In stock,31
LOLA AND THE BOY NEXT DOOR ANNA AND THE FRENCH KISS,23.63,4,In stock,31
LOGAN KADE FALLEN CREST HIGH,13.12,2,In stock,31
LAST ONE HOME NEW BEGINNINGS,59.98,3,In stock,31
KILLING FLOOR JACK REACHER,31.49,4,In stock,31
KILL THE BOY BAND,15.52,5,In stock,31
ISLA AND THE HAPPILY EVER AFTER ANNA AND THE FRENCH KISS,48.13,5,In stock,32
IF I STAY IF I STAY,38.13,5,In stock,32
I KNOW WHY THE CAGED BIRD SINGS MAYA ANGELOU S AUTOBIOGRAPHY,36.55,2,In stock,32
HARRY POTTER AND THE DEATHLY HALLOWS HARRY POTTER,23.32,1,In stock,32
FRUITS BASKET VOL FRUITS BASKET,16.33,1,In stock,32
FOUNDATION FOUNDATION PUBLICATION ORDER,32.42,1,In stock,32
FOOL ME ONCE,16.96,1,In stock,32
FIND HER DETECTIVE D D WARREN,22.37,1,In stock,32
EVICTED POVERTY AND PROFIT IN THE AMERICAN CITY,42.27,1,In stock,32
DRAMA,38.7,2,In stock,32
DRACULA THE UN DEAD,35.63,5,In stock,32
DIGITAL FORTRESS,58.0,5,In stock,32
DEATH NOTE VOL WHITEOUT DEATH NOTE,52.41,1,In stock,32
DATA A LOVE STORY HOW I GAMED ONLINE DATING TO MEET MY MATCH,32.35,3,In stock,32
CRITIQUE OF PURE REASON,20.75,1,In stock,32
BOOKED,17.49,5,In stock,32
BLUE LILY LILY BLUE THE RAVEN CYCLE,34.13,5,In stock,32
APPROVAL JUNKIE ADVENTURES IN CARING TOO MUCH,58.81,5,In stock,32
AN ABUNDANCE OF KATHERINES,10.0,5,In stock,32
AMERICA S WAR FOR THE GREATER MIDDLE EAST A MILITARY HISTORY,51.22,2,In stock,32
ALIGHT THE GENERATIONS TRILOGY,58.59,4,In stock,33
A GIRL S GUIDE TO MOVING ON NEW BEGINNINGS,31.3,1,In stock,33
A GAME OF THRONES A SONG OF ICE AND FIRE,46.42,2,In stock,33
A FEAST FOR CROWS A SONG OF ICE AND FIRE,17.21,4,In stock,33
A CLASH OF KINGS A SONG OF ICE AND FIRE,10.79,3,In stock,33
VOGUE COLORS A TO Z A FASHION COLORING BOOK,52.35,4,In stock,33
THE SHINING THE SHINING,27.88,3,In stock,33
THE PILGRIM S PROGRESS,50.26,2,In stock,33
THE PERFECT PLAY PLAY BY PLAY,59.99,3,In stock,33
THE PASSION OF DOLSSA,28.32,5,In stock,33
THE JAZZ OF PHYSICS THE SECRET LINK BETWEEN MUSIC AND THE STRUCTURE OF THE UNIVERSE,38.71,3,In stock,33
THE HUNGER GAMES THE HUNGER GAMES,29.85,5,In stock,33
THE HOUND OF THE BASKERVILLES SHERLOCK HOLMES,14.82,2,In stock,33
THE GUNNING OF AMERICA BUSINESS AND THE MAKING OF AMERICAN GUN CULTURE,16.81,4,In stock,33
THE GEOGRAPHY OF BLISS ONE GRUMP S SEARCH FOR THE HAPPIEST PLACES IN THE WORLD,28.23,2,In stock,33
THE DEMONISTS DEMONIST,52.11,2,In stock,33
THE DEMON PRINCE OF MOMOCHI HOUSE VOL THE DEMON PRINCE OF MOMOCHI HOUSE,27.88,2,In stock,33
THE BONE HUNTERS LEXY VAUGHAN STEVEN MACAULAY,59.71,3,In stock,33
THE BEAST BLACK DAGGER BROTHERHOOD,46.08,5,In stock,33
SOME WOMEN,13.73,5,In stock,33
SHOPAHOLIC TIES THE KNOT SHOPAHOLIC,48.39,5,In stock,34
PAPER AND FIRE THE GREAT LIBRARY,49.45,5,In stock,34
OUTLANDER OUTLANDER,19.67,5,In stock,34
ORCHESTRA OF EXILES THE STORY OF BRONISLAW HUBERMAN THE ISRAEL PHILHARMONIC AND THE ONE THOUSAND JEWS HE SAVED FROM NAZI HORRORS,12.36,3,In stock,34
NO ONE HERE GETS OUT ALIVE,20.02,5,In stock,34
NIGHT SHIFT NIGHT SHIFT,12.75,4,In stock,34
NEEDFUL THINGS,47.51,4,In stock,34
MOCKINGJAY THE HUNGER GAMES,20.44,4,In stock,34
MISERY,34.79,2,In stock,34
LITTLE WOMEN LITTLE WOMEN,28.07,4,In stock,34
IT,25.01,3,In stock,34
HARRY POTTER AND THE SORCERER S STONE HARRY POTTER,13.9,3,In stock,34
HARRY POTTER AND THE PRISONER OF AZKABAN HARRY POTTER,24.17,4,In stock,34
HARRY POTTER AND THE ORDER OF THE PHOENIX HARRY POTTER,31.63,4,In stock,34
HARRY POTTER AND THE HALF BLOOD PRINCE HARRY POTTER,48.75,5,In stock,34
HARRY POTTER AND THE CHAMBER OF SECRETS HARRY POTTER,14.74,1,In stock,34
GONE WITH THE WIND,32.49,3,In stock,34
GOD IS NOT GREAT HOW RELIGION POISONS EVERYTHING,27.8,1,In stock,34
GIRL WITH A PEARL EARRING,26.77,1,In stock,34
FRUITS BASKET VOL FRUITS BASKET,50.44,4,In stock,34
FAR FROM TRUE PROMISE FALLS TRILOGY,34.93,2,In stock,35
DARK LOVER BLACK DAGGER BROTHERHOOD,12.87,1,In stock,35
CONFESSIONS OF A SHOPAHOLIC SHOPAHOLIC,48.94,2,In stock,35
CHANGING THE GAME PLAY BY PLAY,13.38,3,In stock,35
CANDIDE,58.63,3,In stock,35
CAN YOU KEEP A SECRET,21.94,1,In stock,35
ATLAS SHRUGGED,26.58,5,In stock,35
ANIMAL FARM,57.22,3,In stock,35
A WALK TO REMEMBER,56.43,1,In stock,35
A NEW EARTH AWAKENING TO YOUR LIFE S PURPOSE,55.65,5,In stock,35
A HISTORY OF GOD THE YEAR QUEST OF JUDAISM CHRISTIANITY AND ISLAM,27.62,1,In stock,35
SALEM S LOT,49.56,4,In stock,35
ZERO HISTORY BLUE ANT,34.77,1,In stock,35
WUTHERING HEIGHTS,17.73,3,In stock,35
WORLD WAR Z AN ORAL HISTORY OF THE ZOMBIE WAR,21.8,1,In stock,35
WILD FROM LOST TO FOUND ON THE PACIFIC CREST TRAIL,46.02,3,In stock,35
WHERE D YOU GO BERNADETTE,18.13,1,In stock,35
WHEN YOU ARE ENGULFED IN FLAMES,30.89,5,In stock,35
WE THE PEOPLE THE MODERN DAY FIGURES WHO HAVE RESHAPED AND AFFIRMED THE FOUNDING FATHERS VISION OF AMERICA,31.95,3,In stock,35
WE ARE ALL COMPLETELY BESIDE OURSELVES,24.04,1,In stock,35
WALK THE EDGE THUNDER ROAD,32.36,3,In stock,36
VOYAGER OUTLANDER,21.07,5,In stock,36
VERY GOOD LIVES THE FRINGE BENEFITS OF FAILURE AND THE IMPORTANCE OF IMAGINATION,50.66,3,In stock,36
VEGAN VEGETARIAN OMNIVORE DINNER FOR EVERYONE AT THE TABLE,13.66,2,In stock,36
UNSTUFFED DECLUTTERING YOUR HOME MIND AND SOUL,58.09,1,In stock,36
UNDER THE BANNER OF HEAVEN A STORY OF VIOLENT FAITH,30.0,1,In stock,36
TWO BOYS KISSING,32.74,2,In stock,36
TWILIGHT TWILIGHT,41.93,2,In stock,36
TWENTIES GIRL,42.8,2,In stock,36
TRESPASSING ACROSS AMERICA ONE MAN S EPIC NEVER DONE BEFORE AND SORT OF ILLEGAL HIKE ACROSS THE HEARTLAND,53.51,1,In stock,36
THREE MARTINI LUNCH,23.21,3,In stock,36
THINKING FAST AND SLOW,21.14,1,In stock,36
THE WILD ROBOT,56.07,3,In stock,36
THE WICKED THE DIVINE VOL COMMERCIAL SUICIDE THE WICKED THE DIVINE,14.41,3,In stock,36
THE UNDOMESTIC GODDESS,45.75,4,In stock,36
THE TRAVELERS,15.77,1,In stock,36
THE TIPPING POINT HOW LITTLE THINGS CAN MAKE A BIG DIFFERENCE,10.02,2,In stock,36
THE THING ABOUT JELLYFISH,48.77,1,In stock,36
THE STAND,57.86,2,In stock,36
THE SMITTEN KITCHEN COOKBOOK,23.59,1,In stock,36
THE SILKWORM CORMORAN STRIKE,23.05,5,In stock,37
THE SANDMAN VOL DREAM COUNTRY THE SANDMAN VOLUMES,55.55,5,In stock,37
THE ROSE THE DAGGER THE WRATH AND THE DAWN,58.64,4,In stock,37
THE ROAD TO LITTLE DRIBBLING ADVENTURES OF AN AMERICAN IN BRITAIN NOTES FROM A SMALL ISLAND,23.21,1,In stock,37
THE RISE OF THEODORE ROOSEVELT THEODORE ROOSEVELT,42.57,3,In stock,37
THE RESTAURANT AT THE END OF THE UNIVERSE HITCHHIKER S GUIDE TO THE GALAXY,10.92,1,In stock,37
THE REST IS NOISE LISTENING TO THE TWENTIETH CENTURY,34.77,1,In stock,37
THE RED TENT,35.66,5,In stock,37
THE PURPOSE DRIVEN LIFE WHAT ON EARTH AM I HERE FOR,37.19,3,In stock,37
THE PUREST HOOK SECOND CIRCLE TATTOOS,12.25,1,In stock,37
THE PICTURE OF DORIAN GRAY,29.7,2,In stock,37
THE PARIS WIFE,36.8,3,In stock,37
THE OBSESSION,45.43,1,In stock,37
THE NIGHTINGALE,26.26,4,In stock,37
THE NEW GUY AND OTHER SENIOR YEAR DISTRACTIONS,44.92,3,In stock,37
THE NANNY DIARIES NANNY,52.53,5,In stock,37
THE NAME OF GOD IS MERCY,37.25,2,In stock,37
THE MAZE RUNNER THE MAZE RUNNER,20.93,1,In stock,37
THE LOVER S DICTIONARY,58.09,2,In stock,37
THE LONELY ONES,43.59,5,In stock,37
THE LEAN STARTUP HOW TODAY S ENTREPRENEURS USE CONTINUOUS INNOVATION TO CREATE RADICALLY SUCCESSFUL BUSINESSES,33.92,3,In stock,38
THE LAST PAINTING OF SARA DE VOS,55.55,2,In stock,38
THE LAND OF MADONNAS,29.64,4,In stock,38
THE INFINITIES,27.41,1,In stock,38
THE HUSBAND S SECRET,52.51,5,In stock,38
THE HITCHHIKER S GUIDE TO THE GALAXY HITCHHIKER S GUIDE TO THE GALAXY,47.8,3,In stock,38
THE GUNS OF AUGUST,14.54,2,In stock,38
THE GUERNSEY LITERARY AND POTATO PEEL PIE SOCIETY,49.53,1,In stock,38
THE GOLDFINCH,43.58,3,In stock,38
THE GIVER THE GIVER QUARTET,12.3,1,In stock,38
THE GIRL WITH ALL THE GIFTS,49.47,3,In stock,38
THE GIRL WHO PLAYED WITH FIRE MILLENNIUM TRILOGY,22.14,2,In stock,38
THE GIRL WHO KICKED THE HORNET S NEST MILLENNIUM TRILOGY,57.48,1,In stock,38
THE EXILED,43.45,3,In stock,38
THE END OF FAITH RELIGION TERROR AND THE FUTURE OF REASON,22.13,4,In stock,38
THE ELEGANT UNIVERSE SUPERSTRINGS HIDDEN DIMENSIONS AND THE QUEST FOR THE ULTIMATE THEORY,13.03,4,In stock,38
THE DISAPPEARING SPOON AND OTHER TRUE TALES OF MADNESS LOVE AND THE HISTORY OF THE WORLD FROM THE PERIODIC TABLE OF THE ELEMENTS,57.35,5,In stock,38
THE DEVIL WEARS PRADA THE DEVIL WEARS PRADA,44.29,1,In stock,38
THE DEMON HAUNTED WORLD SCIENCE AS A CANDLE IN THE DARK,52.25,4,In stock,38
THE DAY THE CRAYONS CAME HOME CRAYONS,26.33,5,In stock,38
THE DA VINCI CODE ROBERT LANGDON,22.96,2,In stock,39
THE CUCKOO S CALLING CORMORAN STRIKE,19.21,1,In stock,39
THE COMPLETE STORIES AND POEMS THE WORKS OF EDGAR ALLAN POE CAMEO EDITION,26.78,4,In stock,39
THE COMPLETE POEMS,41.32,5,In stock,39
THE CATCHER IN THE RYE,24.55,1,In stock,39
THE CAT IN THE HAT BEGINNER BOOKS B,16.26,2,In stock,39
THE CASE FOR CHRIST CASES FOR CHRISTIANITY,47.84,1,In stock,39
THE BOOK THIEF,53.49,2,In stock,39
THE BOOK OF BASKETBALL THE NBA ACCORDING TO THE SPORTS GUY,44.84,5,In stock,39
THE BLIND SIDE EVOLUTION OF A GAME,53.71,5,In stock,39
THE AUTOBIOGRAPHY OF MALCOLM X,23.43,2,In stock,39
THE ART OF SIMPLE FOOD NOTES LESSONS AND RECIPES FROM A DELICIOUS REVOLUTION,34.32,3,In stock,39
THE ART OF FIELDING,22.1,1,In stock,39
SURELY YOU RE JOKING MR FEYNMAN ADVENTURES OF A CURIOUS CHARACTER,25.83,2,In stock,39
STIFF THE CURIOUS LIVES OF HUMAN CADAVERS,36.74,3,In stock,39
SPILLED MILK BASED ON A TRUE STORY,49.51,1,In stock,39
SOMETHING BORROWED DARCY RACHEL,48.96,5,In stock,39
SOMETHING BLUE DARCY RACHEL,54.62,1,In stock,39
SOLDIER TALON,24.72,2,In stock,39
SHOPAHOLIC BABY SHOPAHOLIC,46.45,2,In stock,39
SEVEN DAYS IN THE ART WORLD,52.33,2,In stock,40
SEVEN BRIEF LESSONS ON PHYSICS,30.6,4,In stock,40
SCARLET THE LUNAR CHRONICLES,14.57,4,In stock,40
SARAH S KEY,46.29,1,In stock,40
SAGA VOLUME SAGA COLLECTED EDITIONS,21.57,5,In stock,40
RUNNING WITH SCISSORS,12.91,4,In stock,40
ROGUE LAWYER ROGUE LAWYER,50.11,3,In stock,40
RISE OF THE ROCKET GIRLS THE WOMEN WHO PROPELLED US FROM MISSILES TO THE MOON TO MARS,41.67,4,In stock,40
REWORK,44.88,2,In stock,40
RESERVATIONS FOR TWO,11.1,3,In stock,40
RED THE TRUE STORY OF RED RIDING HOOD,28.54,3,In stock,40
READY PLAYER ONE,19.07,4,In stock,40
QUIET THE POWER OF INTROVERTS IN A WORLD THAT CAN T STOP TALKING,43.55,1,In stock,40
PRODIGY THE GRAPHIC NOVEL LEGEND THE GRAPHIC NOVEL,43.63,3,In stock,40
PERSEPOLIS THE STORY OF A CHILDHOOD PERSEPOLIS,39.13,1,In stock,40
PACKING FOR MARS THE CURIOUS SCIENCE OF LIFE IN THE VOID,56.68,2,In stock,40
OUTLIERS THE STORY OF SUCCESS,14.16,1,In stock,40
ORIGINAL FAKE,31.45,3,In stock,40
ORANGE IS THE NEW BLACK,24.61,2,In stock,40
ONE FOR THE MONEY STEPHANIE PLUM,32.87,2,In stock,40
NOTES FROM A SMALL ISLAND NOTES FROM A SMALL ISLAND,40.17,1,In stock,41
NIGHT THE NIGHT TRILOGY,13.51,1,In stock,41
NEITHER HERE NOR THERE TRAVELS IN EUROPE,38.95,3,In stock,41
NAKED,31.69,3,In stock,41
MORNING STAR RED RISING,29.4,1,In stock,41
MIRACLES FROM HEAVEN A LITTLE GIRL HER JOURNEY TO HEAVEN AND HER AMAZING STORY OF HEALING,57.83,1,In stock,41
MIDNIGHT RIOT PETER GRANT RIVERS OF LONDON BOOKS,55.46,2,In stock,41
ME TALK PRETTY ONE DAY,57.6,2,In stock,41
MANUSCRIPT FOUND IN ACCRA,34.98,2,In stock,41
LUST WONDER,11.87,2,In stock,41
LILA GILEAD,12.47,3,In stock,41
LIFE THE UNIVERSE AND EVERYTHING HITCHHIKER S GUIDE TO THE GALAXY,33.26,2,In stock,41
LIFE WITHOUT A RECIPE,59.04,5,In stock,41
LIFE AFTER LIFE,26.13,2,In stock,41
LETTER TO A CHRISTIAN NATION,22.2,1,In stock,41
LET S PRETEND THIS NEVER HAPPENED A MOSTLY TRUE MEMOIR,45.11,1,In stock,41
LEGEND LEGEND,43.69,4,In stock,41
LEAN IN WOMEN WORK AND THE WILL TO LEAD,25.02,1,In stock,41
LAMB THE GOSPEL ACCORDING TO BIFF CHRIST S CHILDHOOD PAL,55.5,5,In stock,41
LADY RENEGADES REBEL BELLE,53.04,5,In stock,41
JURASSIC PARK JURASSIC PARK,44.97,1,In stock,42
IT S NEVER TOO LATE TO BEGIN AGAIN DISCOVERING CREATIVITY AND MEANING AT MIDLIFE AND BEYOND,42.38,1,In stock,42
IS EVERYONE HANGING OUT WITHOUT ME AND OTHER CONCERNS,20.11,3,In stock,42
INTO THE WILD,56.7,5,In stock,42
INFERNO ROBERT LANGDON,41.0,5,In stock,42
IN THE GARDEN OF BEASTS LOVE TERROR AND AN AMERICAN FAMILY IN HITLER S BERLIN,28.85,3,In stock,42
IF I RUN IF I RUN,49.97,4,In stock,42
I VE GOT YOUR NUMBER,19.69,1,In stock,42
I AM MALALA THE GIRL WHO STOOD UP FOR EDUCATION AND WAS SHOT BY THE TALIBAN,28.88,2,In stock,42
HUNGRY GIRL CLEAN HUNGRY EASY ALL NATURAL RECIPES FOR HEALTHY EATING IN THE REAL WORLD,33.14,3,In stock,42
HOUSE OF LOST WORLDS DINOSAURS DYNASTIES AND THE STORY OF LIFE ON EARTH,43.7,2,In stock,42
HOUSE OF LEAVES,54.89,1,In stock,42
HORRIBLE BEAR,37.52,2,In stock,42
HOLIDAYS ON ICE,51.07,2,In stock,42
HEIR TO THE SKY,44.07,4,In stock,42
GREEN EGGS AND HAM BEGINNER BOOKS B,10.79,4,In stock,42
GRAYSON VOL NEMESIS GRAYSON,42.72,1,In stock,42
GRATITUDE,26.66,5,In stock,42
GONE GIRL,37.6,5,In stock,42
GOLDEN HEART OF DREAD,42.21,4,In stock,42
GIRL IN THE BLUE COAT,46.83,2,In stock,43
FRUITS BASKET VOL FRUITS BASKET,45.17,2,In stock,43
FRIDAY NIGHT LIGHTS A TOWN A TEAM AND A DREAM,51.22,3,In stock,43
FIRE BOUND SEA HAVEN SISTERS OF THE HEART,21.28,4,In stock,43
FIFTY SHADES FREED FIFTY SHADES,15.36,5,In stock,43
FELLSIDE,38.62,1,In stock,43
EXTREME PREY LUCAS DAVENPORT,25.4,3,In stock,43
ERAGON THE INHERITANCE CYCLE,43.87,3,In stock,43
ECLIPSE TWILIGHT,18.74,1,In stock,43
DUNE DUNE,54.86,1,In stock,43
DRACULA,52.62,3,In stock,43
DO ANDROIDS DREAM OF ELECTRIC SHEEP BLADE RUNNER,51.48,1,In stock,43
DISRUPTED MY MISADVENTURE IN THE START UP BUBBLE,15.28,5,In stock,43
DEAD WAKE THE LAST CROSSING OF THE LUSITANIA,39.24,5,In stock,43
DAVID AND GOLIATH UNDERDOGS MISFITS AND THE ART OF BATTLING GIANTS,17.81,1,In stock,43
DARKFEVER FEVER,56.02,1,In stock,43
DARK PLACES,23.9,5,In stock,43
CRAZY RICH ASIANS CRAZY RICH ASIANS,49.13,5,In stock,43
COUNTING THYME,10.62,1,In stock,43
COSMOS,36.17,2,In stock,43
CIVILIZATION AND ITS DISCONTENTS,59.95,2,In stock,44
CINDER THE LUNAR CHRONICLES,26.09,1,In stock,44
CATASTROPHIC HAPPINESS FINDING JOY IN CHILDHOOD S MESSY YEARS,37.35,2,In stock,44
CAREER OF EVIL CORMORAN STRIKE,24.72,2,In stock,44
BREAKING DAWN TWILIGHT,35.28,5,In stock,44
BRAVE ENOUGH,51.32,5,In stock,44
BOY MEETS BOY,21.12,3,In stock,44
BORN TO RUN A HIDDEN TRIBE SUPERATHLETES AND THE GREATEST RACE THE WORLD HAS NEVER SEEN,27.35,2,In stock,44
BLINK THE POWER OF THINKING WITHOUT THINKING,21.74,5,In stock,44
BLACK FLAGS THE RISE OF ISIS,40.87,1,In stock,44
BLACK BUTLER VOL BLACK BUTLER,49.31,1,In stock,44
BIG LITTLE LIES,22.11,1,In stock,44
BETWEEN SHADES OF GRAY,20.79,5,In stock,44
BEST OF MY LOVE FOOL S GOLD,27.41,2,In stock,44
BEOWULF,38.35,2,In stock,44
BEAUTIFUL CREATURES CASTER CHRONICLES,21.55,5,In stock,44
AWKWARD,38.02,2,In stock,44
ASH,22.06,4,In stock,44
ARE WE THERE YET,10.66,3,In stock,44
ARE WE SMART ENOUGH TO KNOW HOW SMART ANIMALS ARE,56.58,1,In stock,44
ANNIE ON MY MIND,36.83,5,In stock,45
AND THEN THERE WERE NONE,35.01,2,In stock,45
A WALK IN THE WOODS REDISCOVERING AMERICA ON THE APPALACHIAN TRAIL,30.48,4,In stock,45
A VISIT FROM THE GOON SQUAD,14.08,5,In stock,45
A STORM OF SWORDS A SONG OF ICE AND FIRE,31.22,2,In stock,45
A HEARTBREAKING WORK OF STAGGERING GENIUS,54.29,5,In stock,45
KEYS TO MENTAL HEALTH THROUGH EXERCISE,31.04,1,In stock,45
GIRLBOSS,50.96,1,In stock,45
THE SUFFRAGETTES LITTLE BLACK CLASSICS,11.89,2,In stock,45
THE SENSE OF AN ENDING,31.38,3,In stock,45
THE SANDMAN VOL THE DOLL S HOUSE THE SANDMAN VOLUMES,54.81,1,In stock,45
THE COURSE OF LOVE,16.78,3,In stock,45
SUGAR RUSH OFFENSIVE LINE,24.42,1,In stock,45
SAGA VOLUME SAGA COLLECTED EDITIONS,11.75,3,In stock,45
RUN SPOT RUN THE ETHICS OF KEEPING PETS,20.02,1,In stock,45
NEW MOON TWILIGHT,12.86,4,In stock,45
LIFE,31.58,5,In stock,45
KINDLE PAPERWHITE USER S GUIDE,34.0,3,In stock,45
H IS FOR HAWK,57.42,5,In stock,45
GIRL ONLINE ON TOUR GIRL ONLINE,53.47,1,In stock,45
FRUITS BASKET VOL FRUITS BASKET,11.64,5,In stock,46
DIARY OF A MINECRAFT ZOMBIE BOOK A SCARE OF A DARE AN UNOFFICIAL MINECRAFT BOOK,52.88,4,In stock,46
Y THE LAST MAN VOL UNMANNED Y THE LAST MAN,18.51,4,In stock,46
WHILE YOU WERE MINE,41.32,5,In stock,46
WHERE LIGHTNING STRIKES BLEEDING STARS,39.77,3,In stock,46
WHEN I M GONE,51.96,3,In stock,46
WAYS OF SEEING,39.51,5,In stock,46
VAMPIRE KNIGHT VOL VAMPIRE KNIGHT,15.4,1,In stock,46
VAMPIRE GIRL VAMPIRE GIRL,53.82,2,In stock,46
TWENTY LOVE POEMS AND A SONG OF DESPAIR,30.95,4,In stock,46
TRAVELS WITH CHARLEY IN SEARCH OF AMERICA,57.82,5,In stock,46
THREE WISHES RIVER OF TIME CALIFORNIA,44.18,2,In stock,46
THIS ONE MOMENT PUSHING LIMITS,48.71,1,In stock,46
THE ZOMBIE ROOM,19.69,5,In stock,46
THE WICKED THE DIVINE VOL THE FAUST ACT THE WICKED THE DIVINE,36.52,2,In stock,46
THE TUMOR,41.56,5,In stock,46
THE STORY OF HONG GILDONG,43.19,4,In stock,46
THE SILENT WIFE,12.34,5,In stock,46
THE SILENT TWIN DETECTIVE JENNIFER KNIGHT,36.25,3,In stock,46
THE SELFISH GENE,29.45,1,In stock,46
THE SECRET HEALER,34.56,3,In stock,47
THE SANDMAN VOL PRELUDES AND NOCTURNES THE SANDMAN VOLUMES,54.12,3,In stock,47
THE REPUBLIC,33.78,3,In stock,47
THE ODYSSEY,29.64,3,In stock,47
THE NO LADIES DETECTIVE AGENCY NO LADIES DETECTIVE AGENCY,57.7,4,In stock,47
THE NICOMACHEAN ETHICS,36.34,1,In stock,47
THE NAME OF THE WIND THE KINGKILLER CHRONICLE,50.59,3,In stock,47
THE MIRROR THE MAZE THE WRATH AND THE DAWN,29.38,1,In stock,47
THE LITTLE PRINCE,45.42,2,In stock,47
THE LIGHT OF THE FIREFLIES,54.43,1,In stock,47
THE LAST GIRL THE DOMINION TRILOGY,36.26,2,In stock,47
THE ILIAD,16.16,1,In stock,47
THE HOOK UP GAME ON,36.29,5,In stock,47
THE HATERS,27.89,5,In stock,47
THE GIRL YOU LOST,12.29,5,In stock,47
THE GIRL IN THE ICE DCI ERIKA FOSTER,15.85,3,In stock,47
THE END OF THE JESUS ERA AN INVESTIGATION,14.4,1,In stock,47
THE EDGE OF REASON BRIDGET JONES,19.18,4,In stock,47
THE COMPLETE MAUS MAUS,10.64,3,In stock,47
THE COMMUNIST MANIFESTO,14.76,3,In stock,47
THE BHAGAVAD GITA,57.49,3,In stock,48
THE BETTE DAVIS CLUB,30.66,3,In stock,48
THE ART OF NOT BREATHING,40.83,4,In stock,48
TAKING SHOTS ASSASSINS,18.88,2,In stock,48
STARLARK,25.83,3,In stock,48
SKIP BEAT VOL SKIP BEAT,42.12,3,In stock,48
SISTER SABLE THE MAD QUEEN,13.33,3,In stock,48
SHATTER ME SHATTER ME,42.4,1,In stock,48
SHAMELESS,58.35,3,In stock,48
SHADOW RITES JANE YELLOWROCK,21.72,4,In stock,48
SETTLING THE SCORE THE SUMMER GAMES,44.91,2,In stock,48
SENSE AND SENSIBILITY,37.46,1,In stock,48
SAGA VOLUME SAGA COLLECTED EDITIONS,28.48,1,In stock,48
RHYTHM CHORD MALYKHIN,28.34,2,In stock,48
RAT QUEENS VOL SASS SORCERY RAT QUEENS COLLECTED EDITIONS,46.96,5,In stock,48
PARADISE LOST PARADISE,24.96,1,In stock,48
PAPER GIRLS VOL PAPER GIRLS,21.71,4,In stock,48
OURAN HIGH SCHOOL HOST CLUB VOL OURAN HIGH SCHOOL HOST CLUB,29.87,3,In stock,48
ORIGINS ALPHAS,28.99,1,In stock,48
ONE SECOND SEVEN,52.94,2,In stock,48
ON THE ROAD DULUOZ LEGEND,32.36,3,In stock,49
OLD RECORDS NEVER DIE ONE MAN S QUEST FOR HIS VINYL AND HIS PAST,55.66,2,In stock,49
OFF SIDES OFF,39.45,5,In stock,49
OF MICE AND MEN,47.11,2,In stock,49
MYRIAD PRENTOR,58.75,4,In stock,49
MY PERFECT MISTAKE OVER THE TOP,38.92,2,In stock,49
MS MARVEL VOL NO NORMAL MS MARVEL,39.39,4,In stock,49
MEDITATIONS,25.89,2,In stock,49
MATILDA,28.34,1,In stock,49
LOST AMONG THE LIVING,27.7,4,In stock,49
LORD OF THE FLIES,24.89,3,In stock,49
LISTEN TO ME FUSION,58.99,3,In stock,49
KITCHENS OF THE GREAT MIDWEST,57.2,5,In stock,49
JANE EYRE,38.43,5,In stock,49
IMPERFECT HARMONY,34.74,4,In stock,49
ICING ACES HOCKEY,40.44,4,In stock,49
HAWKEYE VOL MY LIFE AS A WEAPON HAWKEYE,45.24,3,In stock,49
HAVING THE BARBARIAN S BABY ICE PLANET BARBARIANS,34.96,4,In stock,49
GIANT DAYS VOL GIANT DAYS,56.76,4,In stock,49
FRUITS BASKET VOL FRUITS BASKET,40.28,5,In stock,49
FRANKENSTEIN,38.0,2,In stock,50
FOREVER ROCKERS THE ROCKER,28.8,3,In stock,50
FIGHTING FATE FIGHTING,39.24,3,In stock,50
EMMA,32.93,2,In stock,50
EAT PRAY LOVE,51.32,3,In stock,50
DEEP UNDER WALKER SECURITY,47.09,5,In stock,50
CHOOSING OUR RELIGION THE SPIRITUAL LIVES OF AMERICA S NONES,28.42,4,In stock,50
CHARLIE AND THE CHOCOLATE FACTORY CHARLIE BUCKET,22.85,3,In stock,50
CHARITY S CROSS CHARLES TOWNE BELLES,41.24,1,In stock,50
BRIGHT LINES,39.07,5,In stock,50
BRIDGET JONES S DIARY BRIDGET JONES,29.82,1,In stock,50
BOUNTY COLORADO MOUNTAIN,37.26,4,In stock,50
BLOOD DEFENSE SAMANTHA BRINKMAN,20.3,3,In stock,50
BLEACH VOL STRAWBERRY AND THE SOUL REAPERS BLEACH,34.65,5,In stock,50
BEYOND GOOD AND EVIL,43.38,1,In stock,50
ALICE IN WONDERLAND ALICE S ADVENTURES IN WONDERLAND,55.53,1,In stock,50
AJIN DEMI HUMAN VOLUME AJIN DEMI HUMAN,57.06,4,In stock,50
A SPY S DEVOTION THE REGENCY SPIES OF LONDON,16.97,5,In stock,50
ST TO DIE WOMEN S MURDER CLUB,53.98,1,In stock,50
PLACES TO SEE BEFORE YOU DIE,26.08,5,In stock,50
